<?xml version="1.0" encoding="UTF-8" standalone="yes"?>
<addon id="tools.dtach"
       name="dtach"
       version="4.1.0"
       provider-name="Daniel Forsberg (daniel.forsberg1@gmail.com)">
  <requires>
    <import addon="os.openelec.tv" version="4.2"/>
    <import addon="xbmc.python" version="2.1.0"/>

  </requires>
  <extension point="xbmc.python.script"
             library="default.py">
        <provides>executable</provides>
  </extension>

  <extension point="xbmc.addon.metadata">
    <summary>dtach - A program that emulates the detach feature of screen</summary>
    <description>
dtach - A program that emulates the detach feature of screen
    </description>
    <disclaimer>
this is an unofficial addon. please don't ask for support in openelec forum / irc channel
    </disclaimer>
    <platform>all</platform>
  </extension>
</addon>
