<?xml version="1.0" encoding="UTF-8" standalone="yes"?>
<addon id="tools.nmap"
       name="nmap"
       version="4.3.0"
       provider-name="none">
  <requires>
    <import addon="os.openelec.tv" version="5.0"/>
    <import addon="xbmc.python" version="2.1.0"/>

  </requires>
  <extension point="xbmc.python.script" library="default.py">
    <provides>executable</provides>
  </extension>
  <extension point="xbmc.addon.metadata">
    <summary>network tool</summary>
    <description>
Free Security Scanned for Network
    </description>
    <disclaimer>
this is an unofficial addon. please don't ask for support in openelec forum / irc channel
    </disclaimer>
    <platform>all</platform>
  </extension>
</addon>
