<?xml version="1.0" encoding="UTF-8" standalone="yes"?>
<addon id="tools.diffutils"
       name="diffutils"
       version="7.0.0"
       provider-name="unofficial.addon.pro">
  <requires>
    <import addon="os.openelec.tv" version="7.0"/>
    <import addon="xbmc.python" version="2.1.0"/>

  </requires>
  <extension point="xbmc.python.script" library="default.py">
    <provides></provides>
  </extension>
  <extension point="xbmc.addon.metadata">
    <summary>GNU Diffutils</summary>
    <description>
GNU Diffutils is a package of several programs related to finding differences between files.
    </description>
    <disclaimer>

    </disclaimer>
    <platform>all</platform>
  </extension>
</addon>
