<?xml version="1.0" encoding="UTF-8" standalone="yes"?>
<addon id="plugin.network.dhcp"
       name="dhcp"
       version="7.0.0"
       provider-name="Peter Smorada (smoradap@gmail.com)">
  <requires>
    <import addon="os.openelec.tv" version="7.0"/>
    <import addon="xbmc.python" version="2.1.0"/>

  </requires>
  <extension point="xbmc.service" library="default.py">
    <provides></provides>
  </extension>
  <extension point="xbmc.addon.metadata">
    <summary>ISC DHCP is easy and efficient way to provide dhcp services</summary>
    <description>
ISC DHCP is open source software that implements the Dynamic Host Configuration Protocol for connection to an IP network. It is production-grade software that offers a complete solution for implementing DHCP servers, relay agents, and clients for small local networks to large enterprises. ISC DHCP solution supports both IPv4 and IPv6, and is suitable for use in high-volume and high-reliability applications. DHCP is available under the terms of the ISC License, a BSD style license.
    </description>
    <disclaimer>
this is an unofficial addon. please don't ask for support in openelec forum / irc channel
    </disclaimer>
    <platform>all</platform>
  </extension>
</addon>
