<?xml version="1.0" encoding="UTF-8" standalone="yes"?>
<addon id="network.analyzer.bwm-ng"
       name="bwm-ng"
       version="4.1.1"
       provider-name="Stefan Saraev (seo at irc.freenode.net)">
  <requires>
    <import addon="os.openelec.tv" version="4.2"/>
    <import addon="xbmc.python" version="2.1.0"/>

  </requires>
  <extension point="xbmc.python.script"
             library="default.py">
        <provides>executable</provides>
  </extension>

  <extension point="xbmc.addon.metadata">
    <summary>bwm-ng: small and simple console-based live network and disk io bandwidth monitor</summary>
    <description>
Bandwidth Monitor NG is a small and simple console-based live network and disk io bandwidth monitor for Linux, BSD, Solaris, Mac OS X and others.
    </description>
    <disclaimer>
this is an unofficial addon. please don't ask for support in openelec forum / irc channel
    </disclaimer>
    <platform>all</platform>
  </extension>
</addon>
