<?xml version="1.0" encoding="UTF-8" standalone="yes"?>
<addon id="service.system.proftpd"
       name="proftpd"
       version="4.3.2"
       provider-name="vpeter4 (peter.vicman@gmail.com)">
  <requires>
    <import addon="os.openelec.tv" version="5.0"/>
    <import addon="xbmc.python" version="2.1.0"/>

  </requires>
  <extension point="xbmc.service" library="default.py">
    <provides>executable</provides>
  </extension>
  <extension point="xbmc.addon.metadata">
    <summary>Highly configurable GPL-licensed FTP server software</summary>
    <description>
Secure and configurable FTP server with SSL/TLS support
    </description>
    <disclaimer>

    </disclaimer>
    <platform>all</platform>
  </extension>
</addon>
