<?xml version="1.0" encoding="UTF-8" standalone="yes"?>
<addon id="service.multimedia.streamdisc"
       name="streamdisc"
       version="7.0.0"
       provider-name="tilwolff (at) yahoo (dotcom)">
  <requires>
    <import addon="os.openelec.tv" version="7.0"/>
    <import addon="xbmc.python" version="2.1.0"/>

  </requires>
  <extension point="xbmc.service" library="default.py">
    <provides></provides>
  </extension>
  <extension point="xbmc.addon.metadata">
    <summary>streamdisc (Version: 0.1): stream unencrypted DVD and BluRay content to clients that do not have an optical drive.</summary>
    <description>
streamdisc (Version: 0.1): a tiny http streaming server delivering unencrypted DVD and BluRay content to clients that do not have an optical drive. On the client side, just add http://your.server.ip.address:port as a new generic kodi source.
    </description>
    <disclaimer>

    </disclaimer>
    <platform>all</platform>
  </extension>
</addon>
