<?xml version="1.0" encoding="UTF-8" standalone="yes"?>
<addon id="tools.mediainfo"
       name="mediainfo"
       version="7.0.0"
       provider-name="Stefan Saraev (seo at irc.freenode.net)">
  <requires>
    <import addon="os.openelec.tv" version="7.0"/>
    <import addon="xbmc.python" version="2.1.0"/>

  </requires>
  <extension point="xbmc.python.script" library="default.py">
    <provides></provides>
  </extension>
  <extension point="xbmc.addon.metadata">
    <summary>MediaInfo is a convenient unified display of the most relevant technical and tag data for video and audio files</summary>
    <description>
MediaInfo is a convenient unified display of the most relevant technical and tag data for video and audio files
    </description>
    <disclaimer>

    </disclaimer>
    <platform>all</platform>
  </extension>
</addon>
