<?xml version="1.0" encoding="UTF-8" standalone="yes"?>
<addon id="debug.tools.i2c-tools"
       name="i2c-tools"
       version="4.1.0"
       provider-name="Dag Wieers (dag@wieers.com)">
  <requires>
    <import addon="os.openelec.tv" version="4.0"/>
    <import addon="xbmc.python" version="2.1.0"/>

  </requires>
  <extension point="xbmc.python.script"
             library="default.py">
        <provides>executable</provides>
  </extension>
  <extension point="xbmc.addon.metadata">
    <summary>i2c-tools: bus probing tool, eeprom decoding/programming and SMBus python interface</summary>
    <description>
The i2c-tools package contains a heterogeneous set of I2C tools for Linux: a bus probing tool, a chip dumper, register-level SMBus access helpers, EEPROM decoding scripts, EEPROM programming tools, and a python module for SMBus access.
    </description>
    <disclaimer>

    </disclaimer>
    <platform>all</platform>
  </extension>
</addon>
