<?xml version="1.0" encoding="UTF-8" standalone="yes"?>
<addon id="tools.dvb-fe-tool"
       name="dvb-fe-tool"
       version="4.1.0"
       provider-name="Stefan Saraev (seo at irc.freenode.net)">
  <requires>
    <import addon="os.openelec.tv" version="4.0"/>
    <import addon="xbmc.python" version="2.1.0"/>

  </requires>
  <extension point="xbmc.python.script"
             library="default.py">
        <provides>executable</provides>
  </extension>
  <extension point="xbmc.addon.metadata">
    <summary>dvb-fe-tool: Linux V4L2 and DVB API utilities and v4l libraries (libv4l).</summary>
    <description>
Linux V4L2 and DVB API utilities and v4l libraries (libv4l).
    </description>
    <disclaimer>
this is an unofficial addon. please don't ask for support in openelec forum / irc channel
    </disclaimer>
    <platform>all</platform>
  </extension>
</addon>
