<?xml version="1.0" encoding="UTF-8" standalone="yes"?>
<addon id="service.downloadmanager.rTorrent"
       name="rTorrent"
       version="4.3.2"
       provider-name="Daniel Forsberg (daniel.forsberg1@gmail.com)">
  <requires>
    <import addon="os.openelec.tv" version="5.0"/>
    <import addon="xbmc.python" version="2.1.0"/>

    <import addon="tools.php" version="0.0.0" />
    <import addon="tools.dtach" version="0.0.0" />
  </requires>
  <extension point="xbmc.service" library="default.py">
    <provides>executable</provides>
  </extension>
  <extension point="xbmc.addon.metadata">
    <summary>rTorrent: This is the free BitTorrent client rtorrent packed for OpenELEC</summary>
    <description>
rTorrent BitTorrent client can handel multipel watch dirs and post actions. [CR][CR]After changing settings you need to disable and re-enable the addon. [CR][CR]Hove this addon is intended to work: [CR][CR]You add base dirs. [CR]torrents: /storage/downloads/torrents/ [CR]downloads: /storage/downloads [CR]comlete: /storege [CR][CR]then you add watch dirs separated by: ,[CR]videos,tvshows,music [CR][CR]Wath will happen then is: [CR][CR]Directorys while be created if they dont exist: [CR]/storage/downloads/torrents/videos [CR]/storage/downloads/videos [CR]/storege/videos [CR][CR]then rtorrent while start dtached. [CR][CR]Now if you add a torrent file to: /storage/downloads/torrents/videos it while be downloaded to /storage/downloads/videos [CR][CR]On completion it while be Linked or Moved to /storege/videos [CR][CR]The same for every watch dir added... [CR][CR]Nice ha...
    </description>
    <disclaimer>

    </disclaimer>
    <platform>all</platform>
  </extension>
</addon>
