<?xml version="1.0" encoding="UTF-8" standalone="yes"?>
<addon id="debug.tools.wireless_tools"
       name="wireless_tools"
       version="4.1.0"
       provider-name="Dag Wieers (dag@wieers.com)">
  <requires>
    <import addon="os.openelec.tv" version="4.0"/>
    <import addon="xbmc.python" version="2.1.0"/>

  </requires>
  <extension point="xbmc.python.script"
             library="default.py">
        <provides>executable</provides>
  </extension>
  <extension point="xbmc.addon.metadata">
    <summary>wireless-tools: tools allowing to manipulate the Wireless Extensions</summary>
    <description>
The Wireless Tools (WT) is a set of tools allowing to manipulate the Wireless Extensions. They use a textual interface and are rather crude, but aim to support the full Wireless Extension. There are many other tools you can use with Wireless Extensions, however Wireless Tools is the reference implementation.
    </description>
    <disclaimer>

    </disclaimer>
    <platform>all</platform>
  </extension>
</addon>
