<?xml version="1.0" encoding="UTF-8" standalone="yes"?>
<addon id="tools.fdupes"
       name="fdupes"
       version="4.1.0"
       provider-name="Stefan Saraev (seo at irc.freenode.net)">
  <requires>
    <import addon="os.openelec.tv" version="4.2"/>
    <import addon="xbmc.python" version="2.1.0"/>

  </requires>
  <extension point="xbmc.python.script"
             library="default.py">
        <provides>executable</provides>
  </extension>

  <extension point="xbmc.addon.metadata">
    <summary>FDUPES is a program for identifying or deleting duplicate files residing within specified directories</summary>
    <description>
FDUPES is a program for identifying or deleting duplicate files residing within specified directories
    </description>
    <disclaimer>
this is an unofficial addon. please don't ask for support in openelec forum / irc channel
    </disclaimer>
    <platform>all</platform>
  </extension>
</addon>
