<?xml version="1.0" encoding="UTF-8" standalone="yes"?>
<addon id="debug.tools.evtest"
       name="evtest"
       version="7.0.0"
       provider-name="unofficial.addon.pro">
  <requires>
    <import addon="os.openelec.tv" version="7.0"/>
    <import addon="xbmc.python" version="2.1.0"/>

  </requires>
  <extension point="xbmc.python.script" library="default.py">
    <provides></provides>
  </extension>
  <extension point="xbmc.addon.metadata">
    <summary>evtest: Simple tool for input event debugging.</summary>
    <description>
evtest is a simple tool for input event debugging.
    </description>
    <disclaimer>

    </disclaimer>
    <platform>all</platform>
  </extension>
</addon>
