<?xml version="1.0" encoding="UTF-8" standalone="yes"?>
<addon id="tools.dvb-apps"
       name="dvb-apps"
       version="7.0.0"
       provider-name="Stefan Saraev (seo at irc.freenode.net)">
  <requires>
    <import addon="os.openelec.tv" version="7.0"/>
    <import addon="xbmc.python" version="2.1.0"/>

  </requires>
  <extension point="xbmc.python.script" library="default.py">
    <provides></provides>
  </extension>
  <extension point="xbmc.addon.metadata">
    <summary>Digitial Video Broadcasting (DVB) applications</summary>
    <description>
Applications and utilities geared towards the initial setup, testing and operation of an DVB device supporting the DVB-S, DVB-C, DVB-T, and ATSC standards.
    </description>
    <disclaimer>
this is an unofficial addon. please don't ask for support in openelec forum / irc channel
    </disclaimer>
    <platform>all</platform>
  </extension>
</addon>
