<?xml version="1.0" encoding="UTF-8" standalone="yes"?>
<addon id="tools.socat"
       name="socat"
       version="4.1.0"
       provider-name="Stefan Saraev (seo at irc.freenode.net)">
  <requires>
    <import addon="os.openelec.tv" version="4.2"/>
    <import addon="xbmc.python" version="2.1.0"/>

  </requires>
  <extension point="xbmc.python.script"
             library="default.py">
        <provides>executable</provides>
  </extension>

  <extension point="xbmc.addon.metadata">
    <summary>Multipurpose relay</summary>
    <description>
socat is a relay for bidirectional data transfer between two independent data channels
    </description>
    <disclaimer>

    </disclaimer>
    <platform>all</platform>
  </extension>
</addon>
