<?xml version="1.0" encoding="UTF-8" standalone="yes"?>
<addon id="tools.udpxy"
       name="udpxy"
       version="4.1.0"
       provider-name="Stefan Saraev (seo at irc.freenode.net)">
  <requires>
    <import addon="os.openelec.tv" version="4.0"/>
    <import addon="xbmc.python" version="2.1.0"/>

  </requires>
  <extension point="xbmc.python.script"
             library="default.py">
        <provides>executable</provides>
  </extension>
  <extension point="xbmc.addon.metadata">
    <summary>udpxy is a UDP-to-HTTP multicast traffic relay daemon</summary>
    <description>
udpxy is a UDP-to-HTTP multicast traffic relay daemon
    </description>
    <disclaimer>
this is an unofficial addon. please don't ask for support in openelec forum / irc channel
    </disclaimer>
    <platform>all</platform>
  </extension>
</addon>
