<?xml version="1.0" encoding="UTF-8" standalone="yes"?>
<addon id="tools.pv"
       name="pv"
       version="7.0.0"
       provider-name="James White">
  <requires>
    <import addon="os.openelec.tv" version="7.0"/>
    <import addon="xbmc.python" version="2.1.0"/>

  </requires>
  <extension point="xbmc.python.script" library="default.py">
    <provides></provides>
  </extension>
  <extension point="xbmc.addon.metadata">
    <summary>Pipe Viewer is a terminal-based tool for monitoring the progress of data through a pipeline</summary>
    <description>
Pipe Viwer can be inserted into any normal pipeline between two processes to give a visual indication of how quickly data is passing through, how long it has taken, how near to completion it is, and an estimate of how long it will be until completion.
    </description>
    <disclaimer>

    </disclaimer>
    <platform>all</platform>
  </extension>
</addon>
