<?xml version="1.0" encoding="UTF-8" standalone="yes"?>
<addon id="tools.mtpfs"
       name="mtpfs"
       version="4.1.0"
       provider-name="Stefan Saraev (seo at irc.freenode.net)">
  <requires>
    <import addon="os.openelec.tv" version="4.2"/>
    <import addon="xbmc.python" version="2.1.0"/>

  </requires>
  <extension point="xbmc.python.script"
             library="default.py">
        <provides>executable</provides>
  </extension>

  <extension point="xbmc.addon.metadata">
    <summary>MTPfs is a FUSE filesystem that supports reading and writing from any MTP device</summary>
    <description>
MTPfs is a FUSE filesystem that supports reading and writing from any MTP device
    </description>
    <disclaimer>

    </disclaimer>
    <platform>all</platform>
  </extension>
</addon>
