<?xml version="1.0" encoding="UTF-8" standalone="yes"?>
<addon id="service.system.inadyn"
       name="inadyn"
       version="7.0.1"
       provider-name="Anton Voyl (awiouy at gmail.com)">
  <requires>
    <import addon="os.openelec.tv" version="7.0"/>
    <import addon="xbmc.python" version="2.1.0"/>

  </requires>
  <extension point="xbmc.service" library="default.py">
    <provides></provides>
  </extension>
  <extension point="xbmc.addon.metadata">
    <summary>Inadyn, a small and simple DDNS client</summary>
    <description>
Inadyn is a small and simple DDNS client with HTTPS support. It is commonly available in many GNU/Linux distributions, used in off-the-shelf routers and Internet gateways to automate the task of keeping your DNS record up to date with any IP address changes from your ISP. It can also be used in installations with redundant (backup) connections to the Internet.
    </description>
    <disclaimer>
This is a community addon. Do therefore not expect support from OpenELEC forum and irc channel.
    </disclaimer>
    <platform>all</platform>
  </extension>
</addon>
