<?xml version="1.0" encoding="UTF-8" standalone="yes"?>
<addon id="tools.noad"
       name="noad"
       version="4.1.1"
       provider-name="unofficial.addon.pro, henkwiedig">
  <requires>
    <import addon="os.openelec.tv" version="4.0"/>
    <import addon="xbmc.python" version="2.1.0"/>

  </requires>
  <extension point="xbmc.python.script"
             library="default.py">
        <provides>executable</provides>
  </extension>
  <extension point="xbmc.addon.metadata">
    <summary>noad - no advertising</summary>
    <description>
noad - no advertising
    </description>
    <disclaimer>

    </disclaimer>
    <platform>all</platform>
  </extension>
</addon>
