<?xml version="1.0" encoding="UTF-8" standalone="yes"?>
<addon id="shell.console.screen"
       name="screen"
       version="4.1.1"
       provider-name="Stefan Saraev (seo at irc.freenode.net)">
  <requires>
    <import addon="os.openelec.tv" version="4.0"/>
    <import addon="xbmc.python" version="2.1.0"/>

  </requires>
  <extension point="xbmc.python.script"
             library="default.py">
        <provides>executable</provides>
  </extension>
  <extension point="xbmc.addon.metadata">
    <summary>terminal multiplexor with VT100/ANSI terminal emulation</summary>
    <description>
screen is a terminal multiplexor that runs several separate screens on a single physical character-based terminal. Each virtual terminal emulates a DEC VT100 plus several ANSI X3.64 and ISO 2022 functions. Screen sessions can be detached and resumed later on a different terminal.
    </description>
    <disclaimer>

    </disclaimer>
    <platform>all</platform>
  </extension>
</addon>
