<?xml version="1.0" encoding="UTF-8" standalone="yes"?>
<addon id="tools.tsdecrypt"
       name="tsdecrypt"
       version="4.1.0"
       provider-name="Stefan Saraev (seo at irc.freenode.net)">
  <requires>
    <import addon="os.openelec.tv" version="4.2"/>
    <import addon="xbmc.python" version="2.1.0"/>

  </requires>
  <extension point="xbmc.python.script"
             library="default.py">
        <provides>executable</provides>
  </extension>

  <extension point="xbmc.addon.metadata">
    <summary>tsdecrypt</summary>
    <description>
tsdecrypt reads incoming mpeg transport stream over UDP/RTP and then decrypts it using libdvbcsa/ffdecsa and keys obtained from OSCAM or similar cam server
    </description>
    <disclaimer>
this is an unofficial addon. please don't ask for support in openelec forum / irc channel
    </disclaimer>
    <platform>all</platform>
  </extension>
</addon>
