<?xml version="1.0" encoding="UTF-8" standalone="yes"?>
<addon id="service.downloadmanager.transmission"
       name="transmission"
       version="4.3.2"
       provider-name="unofficial.addon.pro">
  <requires>
    <import addon="os.openelec.tv" version="5.0"/>
    <import addon="xbmc.python" version="2.1.0"/>

  </requires>
  <extension point="xbmc.service" library="default.py">
    <provides>executable</provides>
  </extension>
  <extension point="xbmc.addon.metadata">
    <summary>transmission: a fast, easy and free BitTorrent client</summary>
    <description>
transmission is a fast, easy and free BitTorrent client
    </description>
    <disclaimer>

    </disclaimer>
    <platform>all</platform>
  </extension>
</addon>
