<?xml version="1.0" encoding="UTF-8" standalone="yes"?>
<addon id="tools.patch"
       name="patch"
       version="4.3.2"
       provider-name="unofficial.addon.pro">
  <requires>
    <import addon="os.openelec.tv" version="5.0"/>
    <import addon="xbmc.python" version="2.1.0"/>

  </requires>
  <extension point="xbmc.python.script" library="default.py">
    <provides>executable</provides>
  </extension>
  <extension point="xbmc.addon.metadata">
    <summary>GNU patch</summary>
    <description>
Patch takes a patch file containing a difference listing produced by the diff program and applies those differences to one or more original files, producing patched versions
    </description>
    <disclaimer>

    </disclaimer>
    <platform>all</platform>
  </extension>
</addon>
