<?xml version="1.0" encoding="UTF-8" standalone="yes"?>
<addon id="tools.php"
       name="php"
       version="4.1.0"
       provider-name="none">
  <requires>
    <import addon="os.openelec.tv" version="4.2"/>
    <import addon="xbmc.python" version="2.1.0"/>

  </requires>
  <extension point="xbmc.python.script"
             library="default.py">
        <provides>executable</provides>
  </extension>

  <extension point="xbmc.addon.metadata">
    <summary>php: Scripting language especially suited for Web development</summary>
    <description>
PHP is a widely-used general-purpose scripting language that is especially suited for Web development and can be embedded into HTML.
    </description>
    <disclaimer>

    </disclaimer>
    <platform>all</platform>
  </extension>
</addon>
