<?xml version="1.0" encoding="UTF-8" standalone="yes"?>
<addon id="debug.tools.htop"
       name="htop"
       version="4.3.1"
       provider-name="unofficial.addon.pro">
  <requires>
    <import addon="os.openelec.tv" version="5.0"/>
    <import addon="xbmc.python" version="2.1.0"/>

  </requires>
  <extension point="xbmc.python.script" library="default.py">
    <provides>executable</provides>
  </extension>
  <extension point="xbmc.addon.metadata">
    <summary>htop: Htop is an ncurses based interactive process viewer for Linux.</summary>
    <description>
Htop is an ncurses based interactive process viewer for Linux.
    </description>
    <disclaimer>

    </disclaimer>
    <platform>all</platform>
  </extension>
</addon>
