<?xml version="1.0" encoding="UTF-8" standalone="yes"?>
<addon id="tools.encfs"
       name="encfs"
       version="4.1.0"
       provider-name="Stefan Saraev (seo at irc.freenode.net)">
  <requires>
    <import addon="os.openelec.tv" version="4.2"/>
    <import addon="xbmc.python" version="2.1.0"/>

  </requires>
  <extension point="xbmc.python.script"
             library="default.py">
        <provides>executable</provides>
  </extension>

  <extension point="xbmc.addon.metadata">
    <summary>encfs: encrypted filesystem in user-space</summary>
    <description>
EncFS provides an encrypted filesystem in user-space. It runs without any special permissions and uses the FUSE library and Linux kernel module to provide the filesystem interface. You can find links to source and binary releases below. EncFS is open source software, licensed under the GPL
    </description>
    <disclaimer>

    </disclaimer>
    <platform>all</platform>
  </extension>
</addon>
