<?xml version="1.0" encoding="UTF-8" standalone="yes"?>
<addon id="tools.unrar"
       name="unrar"
       version="7.0.0"
       provider-name="unofficial.addon.pro">
  <requires>
    <import addon="os.openelec.tv" version="7.0"/>
    <import addon="xbmc.python" version="2.1.0"/>

  </requires>
  <extension point="xbmc.python.script" library="default.py">
    <provides></provides>
  </extension>
  <extension point="xbmc.addon.metadata">
    <summary>unrar: Extract, test and view RAR archives</summary>
    <description>
Unrar is a package to handle files compressed in the RAR format. Due to strange licensing issues this package can only view, test and extract files in a given archive, but not pack files. But since we have far more advanced open-source compression utils it should be enough to extract the content when you get a RAR archive.
    </description>
    <disclaimer>
this is an unofficial addon. please don't ask for support in openelec forum / irc channel
    </disclaimer>
    <platform>all</platform>
  </extension>
</addon>
