<?xml version="1.0" encoding="UTF-8" standalone="yes"?>
<addon id="lib.multimedia.w_scan"
       name="w_scan"
       version="6.0.0"
       provider-name="unofficial.addon.pro">
  <requires>
    <import addon="os.openelec.tv" version="7.0"/>
    <import addon="xbmc.python" version="2.1.0"/>

  </requires>
  <extension point="xbmc.python.script" library="default.py">
    <provides></provides>
  </extension>
  <extension point="xbmc.addon.metadata">
    <summary>w_scan: eine kleine Anwendung zum Scannen von ATSC/DVB-C/S/T Transpondern/Bouquets nach Sendern und Erstellen einer VDR channels.conf.</summary>
    <description>
w_scan ist eine kleine Anwendung zum Scannen von ATSC/DVB-C/S/T Transpondern/Bouquets nach Sendern und Erstellen einer VDR channels.conf.
    </description>
    <disclaimer>

    </disclaimer>
    <platform>all</platform>
  </extension>
</addon>
