<?xml version="1.0" encoding="UTF-8" standalone="yes"?>
<addon id="tools.lshw"
       name="lshw"
       version="7.0.0"
       provider-name="Stefan Saraev (seo at irc.freenode.net)">
  <requires>
    <import addon="os.openelec.tv" version="7.0"/>
    <import addon="xbmc.python" version="2.1.0"/>

  </requires>
  <extension point="xbmc.python.script" library="default.py">
    <provides></provides>
  </extension>
  <extension point="xbmc.addon.metadata">
    <summary>lshw (Hardware Lister)</summary>
    <description>
lshw (Hardware Lister) is a small tool to provide detailed information on the hardware configuration of the machine.
    </description>
    <disclaimer>
this is an unofficial addon. please don't ask for support in openelec forum / irc channel
    </disclaimer>
    <platform>all</platform>
  </extension>
</addon>
