<?xml version="1.0" encoding="UTF-8" standalone="yes"?>
<addon id="network.backup.rsync"
       name="rsync"
       version="4.1.0"
       provider-name="unofficial.addon.pro">
  <requires>
    <import addon="os.openelec.tv" version="4.0"/>
    <import addon="xbmc.python" version="2.1.0"/>

  </requires>
  <extension point="xbmc.python.script"
             library="default.py">
        <provides>executable</provides>
  </extension>
  <extension point="xbmc.addon.metadata">
    <summary>rsync: A replacement for rcp that has many more features</summary>
    <description>
Rsync uses an own 'rsync' algorithm which provides a very fast method for bringing remote files into sync. It does this by sending just the differences in the files across the link, without requiring that both sets of files are present at one of the ends of the link beforehand. At first glance this may seem impossible because the calculation of diffs between two files normally requires local access to both files.
    </description>
    <disclaimer>

    </disclaimer>
    <platform>all</platform>
  </extension>
</addon>
