<?xml version="1.0" encoding="UTF-8" standalone="yes"?>
<addon id="service.system.tinc"
       name="tinc"
       version="4.3.1"
       provider-name="Jean-Charles Andlauer (andlauer@gmail.com)">
  <requires>
    <import addon="os.openelec.tv" version="5.0"/>
    <import addon="xbmc.python" version="2.1.0"/>

  </requires>
  <extension point="xbmc.service" library="default.py">
    <provides>executable</provides>
  </extension>
  <extension point="xbmc.addon.metadata">
    <summary>tinc Virtual Private Network Daemon</summary>
    <description>
tinc is a virtual private network (VPN) daemon that uses tunnelling and encryption to create a secure private network between hosts on the Internet. Because the VPN appears to the IP level network code as a normal network device, there is no need to adapt any existing software. This allows VPN sites to share information with each other over the Internet without exposing any information to others.
    </description>
    <disclaimer>
This is an unofficial addon. Do therefore not expect support from OpenELEC forum and irc channel.
    </disclaimer>
    <platform>all</platform>
  </extension>
</addon>
