<?xml version="1.0" encoding="UTF-8" standalone="yes"?>
<addon id="debug.tools.hddtemp"
       name="hddtemp"
       version="4.1.0"
       provider-name="Dag Wieers (dag@wieers.com)">
  <requires>
    <import addon="os.openelec.tv" version="4.2"/>
    <import addon="xbmc.python" version="2.1.0"/>

  </requires>
  <extension point="xbmc.python.script"
             library="default.py">
        <provides>executable</provides>
  </extension>

  <extension point="xbmc.addon.metadata">
    <summary>hddtemp: tool that reports hard drive temperature</summary>
    <description>
hddtemp is a small utility (daemonizable) that gives you the temperature of your hard drive by reading S.M.A.R.T. informations (for drives that support this feature).
    </description>
    <disclaimer>

    </disclaimer>
    <platform>all</platform>
  </extension>
</addon>
