<?xml version="1.0" encoding="UTF-8" standalone="yes"?>
<addon id="tools.hd-idle"
       name="hd-idle"
       version="4.1.0"
       provider-name="Stefan Saraev (seo at irc.freenode.net)">
  <requires>
    <import addon="os.openelec.tv" version="4.0"/>
    <import addon="xbmc.python" version="2.1.0"/>

  </requires>
  <extension point="xbmc.python.script"
             library="default.py">
        <provides>executable</provides>
  </extension>
  <extension point="xbmc.addon.metadata">
    <summary>hd-idle is a [Linux] utility program for spinning-down external disks after a period of idle time.</summary>
    <description>
hd-idle is a utility program for spinning-down external disks after a period of idle time. Since most external IDE disk enclosures don't support setting the IDE idle timer, a program like hd-idle is required to spin down idle disks automatically.
    </description>
    <disclaimer>

    </disclaimer>
    <platform>all</platform>
  </extension>
</addon>
