<?xml version="1.0" encoding="UTF-8" standalone="yes"?>
<addon id="tools.lm_sensors"
       name="lm_sensors"
       version="4.3.2"
       provider-name="unofficial.addon.pro">
  <requires>
    <import addon="os.openelec.tv" version="5.0"/>
    <import addon="xbmc.python" version="2.1.0"/>

  </requires>
  <extension point="xbmc.python.script" library="default.py">
    <provides>executable</provides>
  </extension>
  <extension point="xbmc.addon.metadata">
    <summary>lm_sensors: Hardware monitoring via the SMBus</summary>
    <description>
lm_sensors is a package to get data from the SMB (System Management Bus - an i2c bus) on modern mainboards. It consists of kernel modules and users space tools to get stuff like cpu / mb temperature, voltages, fan speed...
    </description>
    <disclaimer>
this is an unofficial addon. please don't ask for support in openelec forum / irc channel
    </disclaimer>
    <platform>all</platform>
  </extension>
</addon>
