<?xml version="1.0" encoding="UTF-8" standalone="yes"?>
<addon id="debug.tools.powertop"
       name="powertop"
       version="4.1.1"
       provider-name="Dag Wieers (dag@wieers.com)">
  <requires>
    <import addon="os.openelec.tv" version="4.2"/>
    <import addon="xbmc.python" version="2.1.0"/>

  </requires>
  <extension point="xbmc.python.script"
             library="default.py">
        <provides>executable</provides>
  </extension>

  <extension point="xbmc.addon.metadata">
    <summary>powertop: tool to diagnose issues with power consumption and power management</summary>
    <description>
PowerTOP is a Linux tool to diagnose issues with power consumption and power management. In addition to being a diagnostic tool, PowerTOP also has an interactive mode where the user can experiment various power management settings for cases where the Linux distribution has not enabled these settings.
    </description>
    <disclaimer>

    </disclaimer>
    <platform>all</platform>
  </extension>
</addon>
