<?xml version="1.0" encoding="UTF-8" standalone="yes"?>
<addon id="network.analyzer.iftop"
       name="iftop"
       version="4.1.1"
       provider-name="unofficial.addon.pro">
  <requires>
    <import addon="os.openelec.tv" version="4.2"/>
    <import addon="xbmc.python" version="2.1.0"/>

  </requires>
  <extension point="xbmc.python.script"
             library="default.py">
        <provides>executable</provides>
  </extension>

  <extension point="xbmc.addon.metadata">
    <summary>iftop: display bandwidth usage on an interface</summary>
    <description>
iftop does for network usage what top(1) does for CPU usage. It listens to network traffic on a named interface and displays a table of current bandwidth usage by pairs of hosts. Handy for answering the question 'why is our ADSL link so slow?'.
    </description>
    <disclaimer>

    </disclaimer>
    <platform>all</platform>
  </extension>
</addon>
