<?xml version="1.0" encoding="UTF-8" standalone="yes"?>
<addon id="tools.file"
       name="file"
       version="7.0.0"
       provider-name="unofficial.addon.pro">
  <requires>
    <import addon="os.openelec.tv" version="7.0"/>
    <import addon="xbmc.python" version="2.1.0"/>

  </requires>
  <extension point="xbmc.python.script" library="default.py">
    <provides></provides>
  </extension>
  <extension point="xbmc.addon.metadata">
    <summary>file: File type identification utility</summary>
    <description>
These are the sources to Darwin's file(1) utility and master magic(4) file, now maintained by Christos Zoulas. The file(1) utility is used to determine the types of various files.
    </description>
    <disclaimer>
this is an unofficial addon. please don't ask for support in openelec forum / irc channel
    </disclaimer>
    <platform>all</platform>
  </extension>
</addon>
