<?xml version="1.0" encoding="UTF-8" standalone="yes"?>
<addon id="service.system.pcscd-addon"
       name="pcscd-addon"
       version="7.0.0"
       provider-name="Stefan Saraev (seo at irc.freenode.net)">
  <requires>
    <import addon="os.openelec.tv" version="7.0"/>
    <import addon="xbmc.python" version="2.1.0"/>

  </requires>
  <extension point="xbmc.service" library="default.py">
    <provides></provides>
  </extension>
  <extension point="xbmc.addon.metadata">
    <summary>Middleware to access a smart card using SCard API (PC/SC)</summary>
    <description>
Middleware to access a smart card using SCard API (PC/SC)
    </description>
    <disclaimer>

    </disclaimer>
    <platform>all</platform>
  </extension>
</addon>
