<?xml version="1.0" encoding="UTF-8" standalone="yes"?>
<addon id="network.nfs-utils"
       name="nfs-utils"
       version="7.0.0"
       provider-name="Lukas Rusak (lrusak at irc.freenode.net)">
  <requires>
    <import addon="os.openelec.tv" version="7.0"/>
    <import addon="xbmc.python" version="2.1.0"/>

  </requires>
  <extension point="xbmc.python.script" library="default.py">
    <provides></provides>
  </extension>
  <extension point="xbmc.addon.metadata">
    <summary>The Linux NFS utility package</summary>
    <description>
The Linux NFS utility package
    </description>
    <disclaimer>
this is an unofficial addon. please don't ask for support in openelec forum / irc channel
    </disclaimer>
    <platform>all</platform>
  </extension>
</addon>
