<?xml version="1.0" encoding="UTF-8" standalone="yes"?>
<addon id="tools.jq"
       name="jq"
       version="7.0.0"
       provider-name="James White">
  <requires>
    <import addon="os.openelec.tv" version="7.0"/>
    <import addon="xbmc.python" version="2.1.0"/>

  </requires>
  <extension point="xbmc.python.script" library="default.py">
    <provides></provides>
  </extension>
  <extension point="xbmc.addon.metadata">
    <summary>jq is a command-line JSON processor</summary>
    <description>
jq is like sed for JSON data – you can use it to slice and filter and map and transform structured data with the same ease that sed, awk, grep and friends let you play with text.
    </description>
    <disclaimer>

    </disclaimer>
    <platform>all</platform>
  </extension>
</addon>
